iter	RMSE
0	0.4763816856
1	0.4705656461
2	0.4648224807
3	0.4594505544
